layer,init_sthuf
1,0.61472
2,0.70577
3,0.82659
4,0.92951
