model,bias,mse,rmse,mae,rrmse,rmae,ef,r,r2,d,cc,a,b,aic,bic,pval,fval,mi_sim,sd_sim,cv_sim,mi_obs,sd_obs,cv_obs,n,key
leaf_dw,-1.9928012026600244,6.216138629424912,2.4932185282130632,1.9967940602930743,0.835307167122078,0.615150517032595,-1.1824701080648263,0.49757800004599373,0.24758386612977093,0.5056785696684016,0.1233162011311085,0.5338392330742657,0.1534954353873051,136.28163289581767,141.6085110840418,5.7499071565048966e-08,34.22138484066197,0.9919912501607301,0.5206195691985542,0.5248227432592771,2.984792452820755,1.6876648049694913,0.5654211579684801,106,plan
stalk_dw,-2.8120636229041516,11.089960040668146,3.330159161461828,2.8120636229041516,0.7480589945788223,0.6884245707184964,-1.1942328910424256,0.6088957176744175,0.370753995002244,0.5900978542461557,0.24642229793760362,0.042563383239926214,0.3587605563043687,327.0554925218297,332.45645325341457,1.6963697577443804e-12,63.63398598038801,1.6396697104231202,1.3246019783620382,0.8078468303352521,4.4517333333272715,2.2481414360486256,0.5050036171794552,110,plan
grain_dw,-1.0277215163459554,6.274727348410919,2.5049405878006206,1.247027400548522,1.2030183896489488,0.5227552846686823,0.43810052324003756,0.8706230487259059,0.7579844929727911,0.7128363855994517,0.5509730275905371,0.33667789381829427,0.3447359233797453,219.73553569853038,225.11823146298866,9.566455096448052e-35,335.12042986142444,1.0544915315623016,1.3231969681694051,1.2548199094676447,2.082213047908257,3.3417050570141087,1.604881431499581,109,plan
lai,-1.4591507284679106,3.4413571686852755,1.8550895311777476,1.5236899227868943,0.4296588352702791,0.354797356182474,-2.0081883892818215,0.46931217688606675,0.2202539193735388,0.4899918166324163,0.25124096229916726,0.6793999301110065,0.5046884963292559,184.74476120176053,189.0310306545436,0.00010443980154768595,17.230595209906745,2.8584365731193904,1.1502015334887234,0.40238833504481686,4.317587301587302,1.0695777483842632,0.24772579537443226,63,plan
