model,bias,mse,rmse,mae,rrmse,rmae,ef,r,r2,d,cc,a,b,aic,bic,pval,fval,mi_sim,sd_sim,cv_sim,mi_obs,sd_obs,cv_obs,n,run_id
leaf_dw,-2.1216536717285184,6.836684106224381,2.614705357439798,2.123060510427281,0.8424733896510507,0.6433295157830743,-1.3214508654810593,0.4914531217189091,0.24152617084726088,0.5035571651728724,0.11461719767693591,0.5155992045612102,0.1502616676357398,71.3928861464702,75.33346997357445,0.00018630139552795982,16.240289697233276,0.9819521982714815,0.5246976451355897,0.5343413315426235,3.10360587,1.716101649327846,0.5529380086292485,53,MZ0001
stalk_dw,-3.069678541390461,12.86953965530774,3.5874140624282194,3.069678541390461,0.766170588675731,0.7093973773719982,-1.4748116234923794,0.5807051808491402,0.3372185070650327,0.5705079981870542,0.2137461690000263,0.03750279539857018,0.33639359368555444,165.10054905413438,169.07851714726291,4.158219379402936e-06,26.457229953314755,1.612586890683613,1.3209988770716574,0.8191799677297732,4.682265432074074,2.28039685122086,0.48702853016402503,54,MZ0001
grain_dw,-1.780699187882111,11.581239607086932,3.4031220382300327,1.9075674305551291,1.2246350040306693,0.6024603976786054,0.3186612833810719,0.9669835433340521,0.9350571730788787,0.6513745441942396,0.46915128775395415,0.16153325785066325,0.3010753618916568,35.962687186360284,39.903271013464526,6.019842299949464e-32,734.3061287575912,0.9981876045329835,1.2836662512679025,1.2859969863766083,2.7788867924150944,4.12283533368651,1.4836283885114323,53,MZ0001
lai,-1.471746453131399,3.3225069048191562,1.8227745073977626,1.5065331795600154,0.42255698101560407,0.3517718672252295,-2.99093514336872,0.4771953465199076,0.22771539874025468,0.4696451074673943,0.23191272248778338,0.24293059120643612,0.6025022555825962,92.73749626856991,95.60547067754021,0.00663810305342966,8.550923523135644,2.84193096622344,1.1520148788020437,0.4053634280683894,4.313677419354839,0.9124217116074645,0.21151829933169364,31,MZ0001
