model,bias,mse,rmse,mae,rrmse,rmae,ef,r,r2,d,cc,a,b,aic,bic,pval,fval,mi_sim,sd_sim,cv_sim,mi_obs,sd_obs,cv_obs,n,run_id
leaf_dw,-1.8639487335915308,5.595593152625443,2.3655006135330936,1.8705276101588675,0.8253726158201324,0.5869715182821157,-1.054795883859227,0.5096552789402115,0.25974850335162475,0.5103381967432195,0.13435476482362088,0.5450212199130625,0.15946002271946885,68.39669402560871,72.33727785271296,9.705454683313126e-05,17.89550406978152,1.0020303020499788,0.5163141366730851,0.5152679870227445,2.86597903564151,1.6502081265210304,0.5757921136194404,53,MZ0002
stalk_dw,-2.5636492372209267,9.373936840837112,3.061688560392306,2.5636492372209267,0.7239002148272939,0.6682007928740479,-0.9477812319597567,0.6478254678965318,0.4196778368553604,0.6130116701925266,0.2870063440623898,0.007732632460054317,0.392027029807839,164.18051831272476,168.23122169419506,6.779389463136833e-08,39.051762330402376,1.6657852866005018,1.3275439806147458,0.7969478367310883,4.229434523821429,2.1937691409098203,0.5186908861111011,56,MZ0002
grain_dw,-0.3150819343563796,1.252492532163975,1.1191481278919135,0.6218734435779835,0.7865476954338866,0.4530133107849994,0.7365657752522947,0.9196285678515692,0.8457167028087282,0.8969625151818112,0.8129574318246711,0.2932023342024438,0.5724921682129303,92.4832391578737,96.533942539344,1.4233999071380513e-23,296.00548330940796,1.1077791767864775,1.3574022665309085,1.2253365065667283,1.4228611111428573,2.180476819909969,1.5324593544893406,56,MZ0002
lai,-1.446948620200157,3.556493361805579,1.885866740203448,1.5403105177879333,0.436404325059373,0.3577282986098046,-1.460020886002328,0.47127753633065494,0.2221025162498918,0.5073463736222608,0.26787632787096644,0.9296008747997655,0.45004784472536613,95.62032642495664,98.5517982305561,0.006475700413526261,8.565493045915542,2.874426379799843,1.1482158850621984,0.39945913839760716,4.321375,1.202379613256562,0.27824005397739426,32,MZ0002
