model,bias,mse,rmse,mae,rrmse,rmae,ef,r,r2,d,cc,a,b,aic,bic,pval,fval,mi_sim,sd_sim,cv_sim,mi_obs,sd_obs,cv_obs,n,run_id
leaf_dw,-2.5518739993771886,8.998543561041378,2.999757250352331,2.5518739993771886,1.0466780158009343,0.8775570005300329,-2.3044164873352555,0.4497013954651439,0.20223134508329776,0.4189009018861938,0.02910271170965354,0.1721672710343406,0.049525053555811965,-38.31874965317418,-34.37816582606994,0.0007295222270499527,12.928307643680355,0.31410503626432057,0.1817353618830936,0.5785814963188385,2.86597903564151,1.6502081265210304,0.5757921136194404,53,MZ0002
stalk_dw,-3.5574999843692336,16.335836785230175,4.04176159430887,3.5574999843692336,0.9556269452912606,0.8420914511928974,-2.3943728060992213,0.7570406704333981,0.5731105766902488,0.4776892442232872,0.07273708858344584,0.10886131729601783,0.1331320343144649,8.577320523263836,12.628023904734135,1.470707541766546e-11,72.49645798513394,0.6719345394521952,0.3857929434338298,0.5741525710947281,4.229434523821429,2.1937691409098203,0.5186908861111011,56,MZ0002
grain_dw,0.09988167707581964,1.10595203485643,1.0516425413877237,0.6829245872686166,0.7391041424577506,0.8237270820564433,0.7673873420968165,0.8877870858582025,0.7881659098165995,0.9211528587567479,0.8514859044230926,0.573940669374591,0.6668269386335237,131.26613341100614,135.31683679247647,7.678050178861102e-20,200.9164771036055,1.5227427882186768,1.6377808437891153,1.0755466100121946,1.4228611111428573,2.180476819909969,1.5324593544893406,56,MZ0002
lai,-2.944717994600534,9.627008179231101,3.1027420420059255,2.944717994600534,0.7179987948294063,0.6808218001195776,-5.6589864738564915,0.5847350702608256,0.34191510239293266,0.38898344295136,0.08523939360654278,0.03595274344403837,0.3102494604044842,52.655890105209295,55.587361910808745,0.00044040205407742874,15.586823385685044,1.3766570053994656,0.637960069759121,0.4634125038095482,4.321375,1.202379613256562,0.27824005397739426,32,MZ0002
